{"cameraMode":{"drawMode":0,"name":"Shaded","section":"Shading Mode"},"sceneLighting":true,"audioPlay":false,"sceneViewState":{"m_AlwaysRefresh":false,"showFog":true,"showSkybox":true,"showFlares":true,"showImageEffects":true,"showParticleSystems":true,"showVisualEffectGraphs":true,"m_FxEnabled":true},"in2DMode":false,"pivot":{"x":92.20188903808594,"y":-187.78878784179688,"z":-691.1995849609375},"rotation":{"x":-0.014381930232048035,"y":-0.9868553280830383,"z":0.1203765943646431,"w":-0.10873478651046753},"size":470.50433349609377,"orthographic":false}