{"cameraMode":{"drawMode":0,"name":"Shaded","section":"Shading Mode"},"sceneLighting":true,"audioPlay":false,"sceneViewState":{"m_AlwaysRefresh":false,"showFog":true,"showSkybox":true,"showFlares":true,"showImageEffects":true,"showParticleSystems":true,"showVisualEffectGraphs":true,"m_FxEnabled":true},"in2DMode":false,"pivot":{"x":-174.72988891601563,"y":-50.27446746826172,"z":94.5823745727539},"rotation":{"x":0.004101720172911882,"y":-0.9926552772521973,"z":0.12460063397884369,"w":-0.013045781292021275},"size":7.699156761169434,"orthographic":false}